/*
Navicat SQLite Data Transfer

Source Server         : smartuisqlite
Source Server Version : 30808
Source Host           : :0

Target Server Type    : SQLite
Target Server Version : 30808
File Encoding         : 65001

Date: 2022-11-13 23:57:20
*/

PRAGMA foreign_keys = OFF;

-- ----------------------------
-- Table structure for caseexecrecord
-- ----------------------------
DROP TABLE IF EXISTS "main"."caseexecrecord";
CREATE TABLE "caseexecrecord" (
"TenantId"  INTEGER,
"Id"  INTEGER,
"TaskId"  INTEGER,
"TaskItemId"  INTEGER,
"TaskExecRecordId"  INTEGER,
"GroupExecRecordId"  INTEGER,
"GroupId"  INTEGER,
"CaseId"  INTEGER,
"EnvId"  INTEGER,
"ProjectGuid"  TEXT,
"ProjectVersion"  TEXT,
"ProjectMD5"  TEXT,
"Code"  TEXT,
"Name"  TEXT,
"StartTime"  TEXT,
"EndTime"  TEXT,
"ExecStatus"  INTEGER,
"FinishStatus"  INTEGER,
"Reason"  TEXT,
"VarJson"  TEXT,
"opening_bank"  TEXT,
"bank_acnt"  TEXT,
"biz_user_Id"  TEXT,
"biz_user_name"  TEXT,
"Remark"  TEXT,
"SortNum"  INTEGER,
"IsEnable"  INTEGER,
"BaseCreateTime"  TEXT,
"BaseCreatorId"  INTEGER,
"BaseModifyTime"  TEXT,
"BaseModifierId"  INTEGER,
"BaseVersion"  INTEGER,
"BaseIsDelete"  INTEGER
);

-- ----------------------------
-- Records of caseexecrecord
-- ----------------------------
INSERT INTO "main"."caseexecrecord" VALUES (505502463793565696, 512011736782475264, 503864221755248640, 511242712385589248, 512011735553544192, 0, 0, 497452956195491840, 496427485466988544, '07b4ca4072454a6bacbfb7bc1a1c4db6', '1.0.220928.5', '', 'bbb', 'bbb名称', '1970-01-01 00:00:00', '2022-11-13 21:12:20', 4, 102, '模板下载失败:模板校验失败', '', '', '', 0, '', '', 0, 0, '2022-11-13 21:11:51', 16508640061130151, '2022-11-13 21:11:51', 16508640061130151, 0, 0);
INSERT INTO "main"."caseexecrecord" VALUES (505502463793565696, 512011736459513856, 503864221755248640, 503864289212239872, 512011735553544192, 0, 0, 503864098648231936, 496427485466988544, '6acaaed107f54661aac0cd51e315fac6', '1.0.221021.16', 'f0573439a308f078309ad29cb7c8acb3', 'test', 'test', '2022-11-13 21:12:39', '2022-11-13 21:12:50', 4, 102, 'session not created: This version of ChromeDriver only supports Chrome version 105
Current browser version is 107.0.5304.107 with binary path C:\Program Files\Google\Chrome\Application\chrome.exe (SessionNotCreated)', ' 1120000                                                                                                                {"ProductId":493792257187516416,"CateId":494623962114822144,"ProjectGuid":"6acaaed107f54661aac0cd51e315fac6","Name":"YYYYY","Remark":null,"Version":"1.0.221021.16","ReleaseNote":null,"ReleaseDate":"2022-10-21T21:54:04.0444979+08:00","Password":null,"Documents":[{"DocumentType":"Project","Id":"6acaaed107f54661aac0cd51e315fac6","ParentId":"0","Name":"YYYYY","Remark":null,"FullPath":"YYYYY.sproj","EnableVars":true,"Vars":[],"DisplayName":null},{"DocumentType":"MainFlowDocument","Id":"00000000000000000000000000000000","ParentId":"0","Name":"主流程","Remark":null,"FullPath":"Contents\\主流程.sflow","EnableVars":true,"Vars":[],"DisplayName":null},{"DocumentType":"SubFlowDocument","Id":"b2c7f47e7a024b4b9ece37893f77ab86","ParentId":"00000000000000000000000000000000","Name":"子流程","Remark":null,"FullPath":"Contents\\主流程\\子流程.sflow","EnableVars":true,"Vars":[],"DisplayName":null},{"DocumentType":"SubFlowDocument","Id":"0ac077c0500e4c509e031cf8cf4a23fa","ParentId":"b2c7f47e7a024b4b9ece37893f77ab86","Name":"子流程","Remark":null,"FullPath":"Contents\\主流程\\子流程\\子流程.sflow","EnableVars":true,"Vars":[],"DisplayName":null},{"DocumentType":"ExecDocument","Id":"9fb30298898b4c53a6fa2a60eab3b177","ParentId":"00000000000000000000000000000000","Name":"执行单元","Remark":null,"FullPath":"Contents\\主流程\\执行单元.sexe","EnableVars":true,"Vars":[],"DisplayName":null},{"DocumentType":"Project","Id":"6acaaed107f54661aac0cd51e315fac6","ParentId":"0","Name":"YYYYY","Remark":null,"FullPath":"YYYYY.sproj","EnableVars":true,"Vars":[],"DisplayName":null},{"DocumentType":"MainFlowDocument","Id":"00000000000000000000000000000000","ParentId":"0","Name":"主流程","Remark":null,"FullPath":"Contents\\主流程.sflow","EnableVars":true,"Vars":[],"DisplayName":null},{"DocumentType":"SubFlowDocument","Id":"b2c7f47e7a024b4b9ece37893f77ab86","ParentId":"00000000000000000000000000000000","Name":"子流程","Remark":null,"FullPath":"Contents\\主流程\\子流程.sflow","EnableVars":true,"Vars":[],"DisplayName":null},{"DocumentType":"SubFlowDocument","Id":"0ac077c0500e4c509e031cf8cf4a23fa","ParentId":"b2c7f47e7a024b4b9ece37893f77ab86","Name":"子流程","Remark":null,"FullPath":"Contents\\主流程\\子流程\\子流程.sflow","EnableVars":true,"Vars":[],"DisplayName":null},{"DocumentType":"ExecDocument","Id":"9fb30298898b4c53a6fa2a60eab3b177","ParentId":"00000000000000000000000000000000","Name":"执行单元","Remark":null,"FullPath":"Contents\\主流程\\执行单元.sexe","EnableVars":true,"Vars":[],"DisplayName":null},{"DocumentType":"Project","Id":"6acaaed107f54661aac0cd51e315fac6","ParentId":"0","Name":"YYYYY","Remark":null,"FullPath":"YYYYY.sproj","EnableVars":true,"Vars":[],"DisplayName":null},{"DocumentType":"MainFlowDocument","Id":"00000000000000000000000000000000","ParentId":"0","Name":"主流程","Remark":null,"FullPath":"Contents\\主流程.sflow","EnableVars":true,"Vars":[],"DisplayName":null},{"DocumentType":"SubFlowDocument","Id":"b2c7f47e7a024b4b9ece37893f77ab86","ParentId":"00000000000000000000000000000000","Name":"子流程","Remark":null,"FullPath":"Contents\\主流程\\子流程.sflow","EnableVars":true,"Vars":[],"DisplayName":null},{"DocumentType":"SubFlowDocument","Id":"0ac077c0500e4c509e031cf8cf4a23fa","ParentId":"b2c7f47e7a024b4b9ece37893f77ab86","Name":"子流程","Remark":null,"FullPath":"Contents\\主流程\\子流程\\子流程.sflow","EnableVars":true,"Vars":[],"DisplayName":null},{"DocumentType":"ExecDocument","Id":"9fb30298898b4c53a6fa2a60eab3b177","ParentId":"00000000000000000000000000000000","Name":"执行单元","Remark":null,"FullPath":"Contents\\主流程\\执行单元.sexe","EnableVars":true,"Vars":[],"DisplayName":null},{"DocumentType":"Project","Id":"6acaaed107f54661aac0cd51e315fac6","ParentId":"0","Name":"YYYYY","Remark":null,"FullPath":"YYYYY.sproj","EnableVars":true,"Vars":[],"DisplayName":null},{"DocumentType":"MainFlowDocument","Id":"00000000000000000000000000000000","ParentId":"0","Name":"主流程","Remark":null,"FullPath":"Contents\\主流程.sflow","EnableVars":true,"Vars":[],"DisplayName":null},{"DocumentType":"SubFlowDocument","Id":"b2c7f47e7a024b4b9ece37893f77ab86","ParentId":"00000000000000000000000000000000","Name":"子流程","Remark":null,"FullPath":"Contents\\主流程\\子流程.sflow","EnableVars":true,"Vars":[],"DisplayName":null},{"DocumentType":"SubFlowDocument","Id":"0ac077c0500e4c509e031cf8cf4a23fa","ParentId":"b2c7f47e7a024b4b9ece37893f77ab86","Name":"子流程","Remark":null,"FullPath":"Contents\\主流程\\子流程\\子流程.sflow","EnableVars":true,"Vars":[],"DisplayName":null},{"DocumentType":"ExecDocument","Id":"9fb30298898b4c53a6fa2a60eab3b177","ParentId":"00000000000000000000000000000000","Name":"执行单元","Remark":null,"FullPath":"Contents\\主流程\\执行单元.sexe","EnableVars":true,"Vars":[],"DisplayName":null},{"DocumentType":"Project","Id":"6acaaed107f54661aac0cd51e315fac6","ParentId":"0","Name":"YYYYY","Remark":null,"FullPath":"YYYYY.sproj","EnableVars":true,"Vars":[],"DisplayName":null},{"DocumentType":"MainFlowDocument","Id":"00000000000000000000000000000000","ParentId":"0","Name":"主流程","Remark":null,"FullPath":"Contents\\主流程.sflow","EnableVars":true,"Vars":[],"DisplayName":null},{"DocumentType":"SubFlowDocument","Id":"b2c7f47e7a024b4b9ece37893f77ab86","ParentId":"00000000000000000000000000000000","Name":"子流程","Remark":null,"FullPath":"Contents\\主流程\\子流程.sflow","EnableVars":true,"Vars":[],"DisplayName":null},{"DocumentType":"SubFlowDocument","Id":"0ac077c0500e4c509e031cf8cf4a23fa","ParentId":"b2c7f47e7a024b4b9ece37893f77ab86","Name":"子流程","Remark":null,"FullPath":"Contents\\主流程\\子流程\\子流程.sflow","EnableVars":true,"Vars":[],"DisplayName":null},{"DocumentType":"ExecDocument","Id":"9fb30298898b4c53a6fa2a60eab3b177","ParentId":"00000000000000000000000000000000","Name":"执行单元","Remark":null,"FullPath":"Contents\\主流程\\执行单元.sexe","EnableVars":true,"Vars":[],"DisplayName":null}],"DisplayName":null}', '', '', 0, '', '', 0, 0, '2022-11-13 21:11:51', 16508640061130151, '2022-11-13 21:11:51', 16508640061130151, 0, 0);
INSERT INTO "main"."caseexecrecord" VALUES (505502463793565696, 512020895120756736, 503864221755248640, 511242712385589248, 512020894323838976, 0, 0, 497452956195491840, 496427485466988544, '07b4ca4072454a6bacbfb7bc1a1c4db6', '1.0.220928.5', '', 'bbb', 'bbb名称', '1970-01-01 00:00:00', '2022-11-13 22:04:39', 4, 102, '模板下载失败:模板校验失败', '', '', '', 0, '', '', 0, 0, '2022-11-13 21:48:14', 16508640061130151, '2022-11-13 21:48:14', 16508640061130151, 0, 0);
INSERT INTO "main"."caseexecrecord" VALUES (505502463793565696, 512020895066230784, 503864221755248640, 503864289212239872, 512020894323838976, 0, 0, 503864098648231936, 496427485466988544, '6acaaed107f54661aac0cd51e315fac6', '1.0.221021.16', 'f0573439a308f078309ad29cb7c8acb3', 'test', 'test', '2022-11-13 22:04:46', '2022-11-13 22:04:50', 4, 102, 'session not created: This version of ChromeDriver only supports Chrome version 105
Current browser version is 107.0.5304.107 with binary path C:\Program Files\Google\Chrome\Application\chrome.exe (SessionNotCreated)', ' 1120000                                                                                                                {"ProductId":493792257187516416,"CateId":494623962114822144,"ProjectGuid":"6acaaed107f54661aac0cd51e315fac6","Name":"YYYYY","Remark":null,"Version":"1.0.221021.16","ReleaseNote":null,"ReleaseDate":"2022-10-21T21:54:04.0444979+08:00","Password":null,"Documents":[{"DocumentType":"Project","Id":"6acaaed107f54661aac0cd51e315fac6","ParentId":"0","Name":"YYYYY","Remark":null,"FullPath":"YYYYY.sproj","EnableVars":true,"Vars":[],"DisplayName":null},{"DocumentType":"MainFlowDocument","Id":"00000000000000000000000000000000","ParentId":"0","Name":"主流程","Remark":null,"FullPath":"Contents\\主流程.sflow","EnableVars":true,"Vars":[],"DisplayName":null},{"DocumentType":"SubFlowDocument","Id":"b2c7f47e7a024b4b9ece37893f77ab86","ParentId":"00000000000000000000000000000000","Name":"子流程","Remark":null,"FullPath":"Contents\\主流程\\子流程.sflow","EnableVars":true,"Vars":[],"DisplayName":null},{"DocumentType":"SubFlowDocument","Id":"0ac077c0500e4c509e031cf8cf4a23fa","ParentId":"b2c7f47e7a024b4b9ece37893f77ab86","Name":"子流程","Remark":null,"FullPath":"Contents\\主流程\\子流程\\子流程.sflow","EnableVars":true,"Vars":[],"DisplayName":null},{"DocumentType":"ExecDocument","Id":"9fb30298898b4c53a6fa2a60eab3b177","ParentId":"00000000000000000000000000000000","Name":"执行单元","Remark":null,"FullPath":"Contents\\主流程\\执行单元.sexe","EnableVars":true,"Vars":[],"DisplayName":null},{"DocumentType":"Project","Id":"6acaaed107f54661aac0cd51e315fac6","ParentId":"0","Name":"YYYYY","Remark":null,"FullPath":"YYYYY.sproj","EnableVars":true,"Vars":[],"DisplayName":null},{"DocumentType":"MainFlowDocument","Id":"00000000000000000000000000000000","ParentId":"0","Name":"主流程","Remark":null,"FullPath":"Contents\\主流程.sflow","EnableVars":true,"Vars":[],"DisplayName":null},{"DocumentType":"SubFlowDocument","Id":"b2c7f47e7a024b4b9ece37893f77ab86","ParentId":"00000000000000000000000000000000","Name":"子流程","Remark":null,"FullPath":"Contents\\主流程\\子流程.sflow","EnableVars":true,"Vars":[],"DisplayName":null},{"DocumentType":"SubFlowDocument","Id":"0ac077c0500e4c509e031cf8cf4a23fa","ParentId":"b2c7f47e7a024b4b9ece37893f77ab86","Name":"子流程","Remark":null,"FullPath":"Contents\\主流程\\子流程\\子流程.sflow","EnableVars":true,"Vars":[],"DisplayName":null},{"DocumentType":"ExecDocument","Id":"9fb30298898b4c53a6fa2a60eab3b177","ParentId":"00000000000000000000000000000000","Name":"执行单元","Remark":null,"FullPath":"Contents\\主流程\\执行单元.sexe","EnableVars":true,"Vars":[],"DisplayName":null},{"DocumentType":"Project","Id":"6acaaed107f54661aac0cd51e315fac6","ParentId":"0","Name":"YYYYY","Remark":null,"FullPath":"YYYYY.sproj","EnableVars":true,"Vars":[],"DisplayName":null},{"DocumentType":"MainFlowDocument","Id":"00000000000000000000000000000000","ParentId":"0","Name":"主流程","Remark":null,"FullPath":"Contents\\主流程.sflow","EnableVars":true,"Vars":[],"DisplayName":null},{"DocumentType":"SubFlowDocument","Id":"b2c7f47e7a024b4b9ece37893f77ab86","ParentId":"00000000000000000000000000000000","Name":"子流程","Remark":null,"FullPath":"Contents\\主流程\\子流程.sflow","EnableVars":true,"Vars":[],"DisplayName":null},{"DocumentType":"SubFlowDocument","Id":"0ac077c0500e4c509e031cf8cf4a23fa","ParentId":"b2c7f47e7a024b4b9ece37893f77ab86","Name":"子流程","Remark":null,"FullPath":"Contents\\主流程\\子流程\\子流程.sflow","EnableVars":true,"Vars":[],"DisplayName":null},{"DocumentType":"ExecDocument","Id":"9fb30298898b4c53a6fa2a60eab3b177","ParentId":"00000000000000000000000000000000","Name":"执行单元","Remark":null,"FullPath":"Contents\\主流程\\执行单元.sexe","EnableVars":true,"Vars":[],"DisplayName":null},{"DocumentType":"Project","Id":"6acaaed107f54661aac0cd51e315fac6","ParentId":"0","Name":"YYYYY","Remark":null,"FullPath":"YYYYY.sproj","EnableVars":true,"Vars":[],"DisplayName":null},{"DocumentType":"MainFlowDocument","Id":"00000000000000000000000000000000","ParentId":"0","Name":"主流程","Remark":null,"FullPath":"Contents\\主流程.sflow","EnableVars":true,"Vars":[],"DisplayName":null},{"DocumentType":"SubFlowDocument","Id":"b2c7f47e7a024b4b9ece37893f77ab86","ParentId":"00000000000000000000000000000000","Name":"子流程","Remark":null,"FullPath":"Contents\\主流程\\子流程.sflow","EnableVars":true,"Vars":[],"DisplayName":null},{"DocumentType":"SubFlowDocument","Id":"0ac077c0500e4c509e031cf8cf4a23fa","ParentId":"b2c7f47e7a024b4b9ece37893f77ab86","Name":"子流程","Remark":null,"FullPath":"Contents\\主流程\\子流程\\子流程.sflow","EnableVars":true,"Vars":[],"DisplayName":null},{"DocumentType":"ExecDocument","Id":"9fb30298898b4c53a6fa2a60eab3b177","ParentId":"00000000000000000000000000000000","Name":"执行单元","Remark":null,"FullPath":"Contents\\主流程\\执行单元.sexe","EnableVars":true,"Vars":[],"DisplayName":null},{"DocumentType":"Project","Id":"6acaaed107f54661aac0cd51e315fac6","ParentId":"0","Name":"YYYYY","Remark":null,"FullPath":"YYYYY.sproj","EnableVars":true,"Vars":[],"DisplayName":null},{"DocumentType":"MainFlowDocument","Id":"00000000000000000000000000000000","ParentId":"0","Name":"主流程","Remark":null,"FullPath":"Contents\\主流程.sflow","EnableVars":true,"Vars":[],"DisplayName":null},{"DocumentType":"SubFlowDocument","Id":"b2c7f47e7a024b4b9ece37893f77ab86","ParentId":"00000000000000000000000000000000","Name":"子流程","Remark":null,"FullPath":"Contents\\主流程\\子流程.sflow","EnableVars":true,"Vars":[],"DisplayName":null},{"DocumentType":"SubFlowDocument","Id":"0ac077c0500e4c509e031cf8cf4a23fa","ParentId":"b2c7f47e7a024b4b9ece37893f77ab86","Name":"子流程","Remark":null,"FullPath":"Contents\\主流程\\子流程\\子流程.sflow","EnableVars":true,"Vars":[],"DisplayName":null},{"DocumentType":"ExecDocument","Id":"9fb30298898b4c53a6fa2a60eab3b177","ParentId":"00000000000000000000000000000000","Name":"执行单元","Remark":null,"FullPath":"Contents\\主流程\\执行单元.sexe","EnableVars":true,"Vars":[],"DisplayName":null}],"DisplayName":null}', '', '', 0, '', '', 0, 0, '2022-11-13 21:48:14', 16508640061130151, '2022-11-13 21:48:14', 16508640061130151, 0, 0);
INSERT INTO "main"."caseexecrecord" VALUES (505502463793565696, 512023568599486464, 503864221755248640, 511242712385589248, 512023568448491520, 0, 0, 497452956195491840, 496427485466988544, '07b4ca4072454a6bacbfb7bc1a1c4db6', '1.0.220928.5', '', 'bbb', 'bbb名称', '1970-01-01 00:00:00', '2022-11-13 22:05:04', 4, 102, '模板下载失败:模板校验失败', '', '', '', 0, '', '', 0, 0, '2022-11-13 21:58:52', 16508640061130151, '2022-11-13 21:58:52', 16508640061130151, 0, 0);
INSERT INTO "main"."caseexecrecord" VALUES (505502463793565696, 512023568544960512, 503864221755248640, 503864289212239872, 512023568448491520, 0, 0, 503864098648231936, 496427485466988544, '6acaaed107f54661aac0cd51e315fac6', '1.0.221021.16', 'f0573439a308f078309ad29cb7c8acb3', 'test', 'test', '2022-11-13 22:05:16', '2022-11-13 22:05:18', 4, 102, 'session not created: This version of ChromeDriver only supports Chrome version 105
Current browser version is 107.0.5304.107 with binary path C:\Program Files\Google\Chrome\Application\chrome.exe (SessionNotCreated)', ' 1120000                                                                                                                {"ProductId":493792257187516416,"CateId":494623962114822144,"ProjectGuid":"6acaaed107f54661aac0cd51e315fac6","Name":"YYYYY","Remark":null,"Version":"1.0.221021.16","ReleaseNote":null,"ReleaseDate":"2022-10-21T21:54:04.0444979+08:00","Password":null,"Documents":[{"DocumentType":"Project","Id":"6acaaed107f54661aac0cd51e315fac6","ParentId":"0","Name":"YYYYY","Remark":null,"FullPath":"YYYYY.sproj","EnableVars":true,"Vars":[],"DisplayName":null},{"DocumentType":"MainFlowDocument","Id":"00000000000000000000000000000000","ParentId":"0","Name":"主流程","Remark":null,"FullPath":"Contents\\主流程.sflow","EnableVars":true,"Vars":[],"DisplayName":null},{"DocumentType":"SubFlowDocument","Id":"b2c7f47e7a024b4b9ece37893f77ab86","ParentId":"00000000000000000000000000000000","Name":"子流程","Remark":null,"FullPath":"Contents\\主流程\\子流程.sflow","EnableVars":true,"Vars":[],"DisplayName":null},{"DocumentType":"SubFlowDocument","Id":"0ac077c0500e4c509e031cf8cf4a23fa","ParentId":"b2c7f47e7a024b4b9ece37893f77ab86","Name":"子流程","Remark":null,"FullPath":"Contents\\主流程\\子流程\\子流程.sflow","EnableVars":true,"Vars":[],"DisplayName":null},{"DocumentType":"ExecDocument","Id":"9fb30298898b4c53a6fa2a60eab3b177","ParentId":"00000000000000000000000000000000","Name":"执行单元","Remark":null,"FullPath":"Contents\\主流程\\执行单元.sexe","EnableVars":true,"Vars":[],"DisplayName":null},{"DocumentType":"Project","Id":"6acaaed107f54661aac0cd51e315fac6","ParentId":"0","Name":"YYYYY","Remark":null,"FullPath":"YYYYY.sproj","EnableVars":true,"Vars":[],"DisplayName":null},{"DocumentType":"MainFlowDocument","Id":"00000000000000000000000000000000","ParentId":"0","Name":"主流程","Remark":null,"FullPath":"Contents\\主流程.sflow","EnableVars":true,"Vars":[],"DisplayName":null},{"DocumentType":"SubFlowDocument","Id":"b2c7f47e7a024b4b9ece37893f77ab86","ParentId":"00000000000000000000000000000000","Name":"子流程","Remark":null,"FullPath":"Contents\\主流程\\子流程.sflow","EnableVars":true,"Vars":[],"DisplayName":null},{"DocumentType":"SubFlowDocument","Id":"0ac077c0500e4c509e031cf8cf4a23fa","ParentId":"b2c7f47e7a024b4b9ece37893f77ab86","Name":"子流程","Remark":null,"FullPath":"Contents\\主流程\\子流程\\子流程.sflow","EnableVars":true,"Vars":[],"DisplayName":null},{"DocumentType":"ExecDocument","Id":"9fb30298898b4c53a6fa2a60eab3b177","ParentId":"00000000000000000000000000000000","Name":"执行单元","Remark":null,"FullPath":"Contents\\主流程\\执行单元.sexe","EnableVars":true,"Vars":[],"DisplayName":null},{"DocumentType":"Project","Id":"6acaaed107f54661aac0cd51e315fac6","ParentId":"0","Name":"YYYYY","Remark":null,"FullPath":"YYYYY.sproj","EnableVars":true,"Vars":[],"DisplayName":null},{"DocumentType":"MainFlowDocument","Id":"00000000000000000000000000000000","ParentId":"0","Name":"主流程","Remark":null,"FullPath":"Contents\\主流程.sflow","EnableVars":true,"Vars":[],"DisplayName":null},{"DocumentType":"SubFlowDocument","Id":"b2c7f47e7a024b4b9ece37893f77ab86","ParentId":"00000000000000000000000000000000","Name":"子流程","Remark":null,"FullPath":"Contents\\主流程\\子流程.sflow","EnableVars":true,"Vars":[],"DisplayName":null},{"DocumentType":"SubFlowDocument","Id":"0ac077c0500e4c509e031cf8cf4a23fa","ParentId":"b2c7f47e7a024b4b9ece37893f77ab86","Name":"子流程","Remark":null,"FullPath":"Contents\\主流程\\子流程\\子流程.sflow","EnableVars":true,"Vars":[],"DisplayName":null},{"DocumentType":"ExecDocument","Id":"9fb30298898b4c53a6fa2a60eab3b177","ParentId":"00000000000000000000000000000000","Name":"执行单元","Remark":null,"FullPath":"Contents\\主流程\\执行单元.sexe","EnableVars":true,"Vars":[],"DisplayName":null},{"DocumentType":"Project","Id":"6acaaed107f54661aac0cd51e315fac6","ParentId":"0","Name":"YYYYY","Remark":null,"FullPath":"YYYYY.sproj","EnableVars":true,"Vars":[],"DisplayName":null},{"DocumentType":"MainFlowDocument","Id":"00000000000000000000000000000000","ParentId":"0","Name":"主流程","Remark":null,"FullPath":"Contents\\主流程.sflow","EnableVars":true,"Vars":[],"DisplayName":null},{"DocumentType":"SubFlowDocument","Id":"b2c7f47e7a024b4b9ece37893f77ab86","ParentId":"00000000000000000000000000000000","Name":"子流程","Remark":null,"FullPath":"Contents\\主流程\\子流程.sflow","EnableVars":true,"Vars":[],"DisplayName":null},{"DocumentType":"SubFlowDocument","Id":"0ac077c0500e4c509e031cf8cf4a23fa","ParentId":"b2c7f47e7a024b4b9ece37893f77ab86","Name":"子流程","Remark":null,"FullPath":"Contents\\主流程\\子流程\\子流程.sflow","EnableVars":true,"Vars":[],"DisplayName":null},{"DocumentType":"ExecDocument","Id":"9fb30298898b4c53a6fa2a60eab3b177","ParentId":"00000000000000000000000000000000","Name":"执行单元","Remark":null,"FullPath":"Contents\\主流程\\执行单元.sexe","EnableVars":true,"Vars":[],"DisplayName":null},{"DocumentType":"Project","Id":"6acaaed107f54661aac0cd51e315fac6","ParentId":"0","Name":"YYYYY","Remark":null,"FullPath":"YYYYY.sproj","EnableVars":true,"Vars":[],"DisplayName":null},{"DocumentType":"MainFlowDocument","Id":"00000000000000000000000000000000","ParentId":"0","Name":"主流程","Remark":null,"FullPath":"Contents\\主流程.sflow","EnableVars":true,"Vars":[],"DisplayName":null},{"DocumentType":"SubFlowDocument","Id":"b2c7f47e7a024b4b9ece37893f77ab86","ParentId":"00000000000000000000000000000000","Name":"子流程","Remark":null,"FullPath":"Contents\\主流程\\子流程.sflow","EnableVars":true,"Vars":[],"DisplayName":null},{"DocumentType":"SubFlowDocument","Id":"0ac077c0500e4c509e031cf8cf4a23fa","ParentId":"b2c7f47e7a024b4b9ece37893f77ab86","Name":"子流程","Remark":null,"FullPath":"Contents\\主流程\\子流程\\子流程.sflow","EnableVars":true,"Vars":[],"DisplayName":null},{"DocumentType":"ExecDocument","Id":"9fb30298898b4c53a6fa2a60eab3b177","ParentId":"00000000000000000000000000000000","Name":"执行单元","Remark":null,"FullPath":"Contents\\主流程\\执行单元.sexe","EnableVars":true,"Vars":[],"DisplayName":null}],"DisplayName":null}', '', '', 0, '', '', 0, 0, '2022-11-13 21:58:52', 16508640061130151, '2022-11-13 21:58:52', 16508640061130151, 0, 0);

-- ----------------------------
-- Table structure for taskexecrecord
-- ----------------------------
DROP TABLE IF EXISTS "main"."taskexecrecord";
CREATE TABLE "taskexecrecord" (
"TenantId"  INTEGER,
"Id"  INTEGER,
"EnvId"  INTEGER,
"BaseIsDelete"  INTEGER,
"BaseCreateTime"  TEXT,
"BaseModifyTime"  TEXT,
"BaseCreatorId"  INTEGER,
"BaseModifierId"  INTEGER,
"BaseVersion"  INTEGER,
"TaskId"  INTEGER,
"Name"  TEXT,
"IsTemp"  INTEGER,
"SourceType"  INTEGER,
"ExecStatus"  INTEGER,
"FinishStatus"  INTEGER,
"Reason"  TEXT,
"CronExpression"  TEXT,
"NextStartTime"  TEXT,
"StartTime"  TEXT,
"EndTime"  TEXT,
"Remark"  TEXT,
"StopWhenError"  INTEGER,
"IsParallelMode"  INTEGER,
"IsEnable"  INTEGER,
"DeviceDeployMode"  INTEGER,
"MultipleInstances"  INTEGER,
"IsConsumed"  INTEGER,
"ConsumedTime"  TEXT,
"UserId"  INTEGER,
"UserName"  TEXT,
"AppVersion"  TEXT,
"DeviceToken"  TEXT,
"DeviceGuid"  TEXT,
"DeviceName"  TEXT,
"DeviceIP"  TEXT,
"DeviceMAC"  TEXT,
"DeviceLoginName"  TEXT
);

-- ----------------------------
-- Records of taskexecrecord
-- ----------------------------
INSERT INTO "main"."taskexecrecord" VALUES (505502463793565696, 512011735553544192, 496427485466988544, 0, '2022-11-13 21:11:50', '2022-11-13 21:11:53', 16508640061130151, 16508640061130151, 0, 503864221755248640, '任务3', 0, 2, 4, 102, '用例:bbb名称,模板下载失败:模板校验失败; 用例:test,session not created: This version of ChromeDriver only supports Chrome version 105
Current browser version is 107.0.5304.107 with binary path C:\Program Files\Google\Chrome\Application\chrome.exe (SessionNotCreated); ', '', '2022-11-13 21:11:50', '2022-11-13 21:12:00', '2022-11-13 21:12:59', '', 0, 0, 1, 0, 0, 1, '2022-11-13 21:11:53', 16508640061130151, 'admin', '1.0.1.20303', 'BX2muEHenfHyj7XAMc9sOv97KOd9aT2Ejx5hbqe41ReOoDnEqCcafBPKy/gOcRHHMFzRpsnYEBehUKNafO0NL7yQJ3PGF+rNdkqvgQkp9DMI=', '602EFAC5CCDDC99BD1DB8E0C6A29949D', 'DESKTOP-IFJM3BN', '192.168.56.1', '00:71:CC:94:24:E5,68:F7:28:9C:A5:C1', 'STS');
INSERT INTO "main"."taskexecrecord" VALUES (505502463793565696, 512020894323838976, 496427485466988544, 0, '2022-11-13 21:48:14', '2022-11-13 22:04:15', 16508640061130151, 16508640061130151, 0, 503864221755248640, '任务3', 0, 2, 4, 102, '用例:bbb名称,模板下载失败:模板校验失败; 用例:test,session not created: This version of ChromeDriver only supports Chrome version 105
Current browser version is 107.0.5304.107 with binary path C:\Program Files\Google\Chrome\Application\chrome.exe (SessionNotCreated); ', '', '2022-11-13 21:48:14', '2022-11-13 22:04:16', '2022-11-13 22:05:02', '', 0, 0, 1, 0, 0, 1, '2022-11-13 22:04:15', 16508640061130151, 'admin', '1.0.1.20303', 'BX2muEHenfHyj7XAMc9sOv97KOd9aT2Ejx5hbqe41ReOoDnEqCcafBPKy/gOcRHHMFzRpsnYEBehUKNafO0NL7yQJ3PGF+rNdkqvgQkp9DMI=', '602EFAC5CCDDC99BD1DB8E0C6A29949D', 'DESKTOP-IFJM3BN', '192.168.56.1', '00:71:CC:94:24:E5,68:F7:28:9C:A5:C1', 'STS');
INSERT INTO "main"."taskexecrecord" VALUES (505502463793565696, 512023568448491520, 496427485466988544, 0, '2022-11-13 21:58:52', '2022-11-13 22:04:15', 16508640061130151, 16508640061130151, 0, 503864221755248640, '任务3', 0, 2, 4, 102, '用例:bbb名称,模板下载失败:模板校验失败; 用例:test,session not created: This version of ChromeDriver only supports Chrome version 105
Current browser version is 107.0.5304.107 with binary path C:\Program Files\Google\Chrome\Application\chrome.exe (SessionNotCreated); ', '', '2022-11-13 21:58:52', '2022-11-13 22:05:03', '2022-11-13 22:05:50', '', 0, 0, 1, 0, 0, 1, '2022-11-13 22:04:15', 16508640061130151, 'admin', '1.0.1.20303', 'BX2muEHenfHyj7XAMc9sOv97KOd9aT2Ejx5hbqe41ReOoDnEqCcafBPKy/gOcRHHMFzRpsnYEBehUKNafO0NL7yQJ3PGF+rNdkqvgQkp9DMI=', '602EFAC5CCDDC99BD1DB8E0C6A29949D', 'DESKTOP-IFJM3BN', '192.168.56.1', '00:71:CC:94:24:E5,68:F7:28:9C:A5:C1', 'STS');

-- ----------------------------
-- Table structure for _caseexecrecord_old_20221017
-- ----------------------------
DROP TABLE IF EXISTS "main"."_caseexecrecord_old_20221017";
CREATE TABLE "_caseexecrecord_old_20221017" ("TenantId" TEXT,"Id" TEXT,"TaskId" TEXT,"TaskItemId" TEXT,"TaskExecRecordId" TEXT,"GroupExecRecordId" TEXT,"GroupId" TEXT,"CaseId" TEXT,"EnvId" TEXT,"ProjectGuid" TEXT,"ProjectVersion" TEXT,"Code" TEXT,"Name" TEXT,"StartTime" TEXT,"EndTime" TEXT,"ExecStatus" TEXT,"FinishStatus" TEXT,"Reason" TEXT,"VarJson" TEXT,"opening_bank" TEXT,"bank_acnt" TEXT,"biz_user_Id" TEXT,"biz_user_name" TEXT,"Remark" TEXT,"SortNum" TEXT,"IsEnable" TEXT,"BaseCreateTime" TEXT,"BaseCreatorId" TEXT,"BaseModifyTime" TEXT,"BaseModifierId" TEXT,"BaseVersion" TEXT,"BaseIsDelete" TEXT);

-- ----------------------------
-- Records of _caseexecrecord_old_20221017
-- ----------------------------
INSERT INTO "main"."_caseexecrecord_old_20221017" VALUES (0, 501880527356170240, 497453087103913984, 497466309764714496, 0, 0, 0, 497452956195491840, 496427485466988544, '07b4ca4072454a6bacbfb7bc1a1c4db6', '1.0.220928.5', 'bbb', 'bbb名称', '1970/1/1 00:00:00', '1970/1/1 00:00:00', 0, 0, '', '', '', '', 0, '', '', 0, 0, '2022/10/16 22:14:02', 16508640061130151, '2022/10/16 22:14:02', 16508640061130151, 0, 0);
INSERT INTO "main"."_caseexecrecord_old_20221017" VALUES (0, 501880836363128833, 497453087103913984, 497466309764714496, 0, 0, 0, 497452956195491840, 496427485466988544, '07b4ca4072454a6bacbfb7bc1a1c4db6', '1.0.220928.5', 'bbb', 'bbb名称', '1970/1/1 00:00:00', '1970/1/1 00:00:00', 0, 0, '', '', '', '', 0, '', '', 0, 0, '2022/10/16 22:15:16', 16508640061130151, '2022/10/16 22:15:16', 16508640061130151, 0, 0);
INSERT INTO "main"."_caseexecrecord_old_20221017" VALUES (0, 501882657076940800, 497453087103913984, 497466309764714496, 0, 0, 0, 497452956195491840, 496427485466988544, '07b4ca4072454a6bacbfb7bc1a1c4db6', '1.0.220928.5', 'bbb', 'bbb名称', '1970/1/1 00:00:00', '1970/1/1 00:00:00', 0, 0, '', '', '', '', 0, '', '', 0, 0, '2022/10/16 22:22:30', 16508640061130151, '2022/10/16 22:22:30', 16508640061130151, 0, 0);
INSERT INTO "main"."_caseexecrecord_old_20221017" VALUES (0, 501883910762795008, 497453087103913984, 497466309764714496, 501883890441392128, 0, 0, 497452956195491840, 496427485466988544, '07b4ca4072454a6bacbfb7bc1a1c4db6', '1.0.220928.5', 'bbb', 'bbb名称', '1970/1/1 00:00:00', '1970/1/1 00:00:00', 0, 0, '', '', '', '', 0, '', '', 0, 0, '2022/10/16 22:27:29', 16508640061130151, '2022/10/16 22:27:29', 16508640061130151, 0, 0);

-- ----------------------------
-- Table structure for _caseexecrecord_old_20221021
-- ----------------------------
DROP TABLE IF EXISTS "main"."_caseexecrecord_old_20221021";
CREATE TABLE "_caseexecrecord_old_20221021" (
"TenantId"  INTEGER,
"Id"  INTEGER,
"TaskId"  INTEGER,
"TaskItemId"  INTEGER,
"TaskExecRecordId"  INTEGER,
"GroupExecRecordId"  INTEGER,
"GroupId"  INTEGER,
"CaseId"  INTEGER,
"EnvId"  INTEGER,
"ProjectGuid"  TEXT,
"ProjectVersion"  TEXT,
"Code"  TEXT,
"Name"  TEXT,
"StartTime"  TEXT,
"EndTime"  TEXT,
"ExecStatus"  INTEGER,
"FinishStatus"  INTEGER,
"Reason"  TEXT,
"VarJson"  TEXT,
"opening_bank"  TEXT,
"bank_acnt"  TEXT,
"biz_user_Id"  TEXT,
"biz_user_name"  TEXT,
"Remark"  TEXT,
"SortNum"  INTEGER,
"IsEnable"  INTEGER,
"BaseCreateTime"  TEXT,
"BaseCreatorId"  INTEGER,
"BaseModifyTime"  TEXT,
"BaseModifierId"  INTEGER,
"BaseVersion"  INTEGER,
"BaseIsDelete"  INTEGER
);

-- ----------------------------
-- Records of _caseexecrecord_old_20221021
-- ----------------------------
INSERT INTO "main"."_caseexecrecord_old_20221021" VALUES (0, 501880527356170240, 497453087103913984, 497466309764714496, 0, 0, 0, 497452956195491840, 496427485466988544, '07b4ca4072454a6bacbfb7bc1a1c4db6', '1.0.220928.5', 'bbb', 'bbb名称', '1970/1/1 00:00:00', '1970/1/1 00:00:00', 0, 0, '', '', '', '', 0, '', '', 0, 0, '2022/10/16 22:14:02', 16508640061130151, '2022/10/16 22:14:02', 16508640061130151, 0, 0);
INSERT INTO "main"."_caseexecrecord_old_20221021" VALUES (0, 501880836363128833, 497453087103913984, 497466309764714496, 0, 0, 0, 497452956195491840, 496427485466988544, '07b4ca4072454a6bacbfb7bc1a1c4db6', '1.0.220928.5', 'bbb', 'bbb名称', '1970/1/1 00:00:00', '1970/1/1 00:00:00', 0, 0, '', '', '', '', 0, '', '', 0, 0, '2022/10/16 22:15:16', 16508640061130151, '2022/10/16 22:15:16', 16508640061130151, 0, 0);
INSERT INTO "main"."_caseexecrecord_old_20221021" VALUES (0, 501882657076940800, 497453087103913984, 497466309764714496, 0, 0, 0, 497452956195491840, 496427485466988544, '07b4ca4072454a6bacbfb7bc1a1c4db6', '1.0.220928.5', 'bbb', 'bbb名称', '1970/1/1 00:00:00', '1970/1/1 00:00:00', 0, 0, '', '', '', '', 0, '', '', 0, 0, '2022/10/16 22:22:30', 16508640061130151, '2022/10/16 22:22:30', 16508640061130151, 0, 0);
INSERT INTO "main"."_caseexecrecord_old_20221021" VALUES (0, 501883910762795008, 497453087103913984, 497466309764714496, 501883890441392128, 0, 0, 497452956195491840, 496427485466988544, '07b4ca4072454a6bacbfb7bc1a1c4db6', '1.0.220928.5', 'bbb', 'bbb名称', '1970/1/1 00:00:00', '1970/1/1 00:00:00', 0, 0, '', '', '', '', 0, '', '', 0, 0, '2022/10/16 22:27:29', 16508640061130151, '2022/10/16 22:27:29', 16508640061130151, 0, 0);

-- ----------------------------
-- Table structure for _taskexecrecord_old_20221112
-- ----------------------------
DROP TABLE IF EXISTS "main"."_taskexecrecord_old_20221112";
CREATE TABLE "_taskexecrecord_old_20221112" ("TenantId" INTEGER,"Id" INTEGER,"EnvId" INTEGER,"BaseIsDelete" INTEGER,"BaseCreateTime" TEXT,"BaseModifyTime" TEXT,"BaseCreatorId" INTEGER,"BaseModifierId" INTEGER,"BaseVersion" INTEGER,"TaskId" INTEGER,"Name" TEXT,"IsTemp" INTEGER,"SourceType" INTEGER,"ExecStatus" INTEGER,"FinishStatus" INTEGER,"Reason" TEXT,"CronExpression" TEXT,"NextStartTime" TEXT,"StartTime" TEXT,"EndTime" TEXT,"Remark" TEXT,"StopWhenError" INTEGER,"IsParallelMode" INTEGER,"IsEnable" INTEGER,"DeviceDeployMode" INTEGER,"MultipleInstances" INTEGER,"IsConsumed" INTEGER,"ConsumedTime" TEXT,"ClientVersion" TEXT,"DeviceUId" TEXT,"DeviceGuid" TEXT,"DeviceName" TEXT,"DeviceIP" TEXT,"DeviceMAC" TEXT,"DeviceLoginName" TEXT);

-- ----------------------------
-- Records of _taskexecrecord_old_20221112
-- ----------------------------
INSERT INTO "main"."_taskexecrecord_old_20221112" VALUES (0, 503869718134788096, 496427485466988544, 0, '2022-10-22 09:58:22', '2022-10-22 09:58:22', 16508640061130151, 16508640061130151, 0, 503864221755248640, '任务3', 0, 2, 4, 102, '', '', '2022-10-22 09:58:22', '2022-10-24 22:56:56', '2022-10-24 22:57:07', '', 0, 0, 0, 0, 0, 1, '2022-10-22 09:58:22', '', '16508640061130151__602EFAC5CCDDC99BD1DB8E0C6A29949D', '602EFAC5CCDDC99BD1DB8E0C6A29949D', 'DESKTOP-IFJM3BN', '192.168.56.1', '00:71:CC:94:24:E5,68:F7:28:9C:A5:C1', 'STS');
INSERT INTO "main"."_taskexecrecord_old_20221112" VALUES (0, 503869898494054400, 496427485466988544, 0, '2022-10-22 09:59:05', '2022-10-22 09:59:06', 16508640061130151, 16508640061130151, 0, 503864221755248640, '任务3', 0, 2, 4, 102, '', '', '2022-10-22 09:59:05', '2022-10-24 22:57:09', '2022-10-24 22:57:11', '', 0, 0, 0, 0, 0, 1, '2022-10-22 09:59:06', '', '16508640061130151__602EFAC5CCDDC99BD1DB8E0C6A29949D', '602EFAC5CCDDC99BD1DB8E0C6A29949D', 'DESKTOP-IFJM3BN', '192.168.56.1', '00:71:CC:94:24:E5,68:F7:28:9C:A5:C1', 'STS');
INSERT INTO "main"."_taskexecrecord_old_20221112" VALUES (0, 503870019839463424, 496427485466988544, 0, '2022-10-22 09:59:34', '2022-10-22 09:59:34', 16508640061130151, 16508640061130151, 0, 503864221755248640, '任务3', 0, 2, 4, 102, '', '', '2022-10-22 09:59:34', '2022-10-24 22:57:13', '2022-10-24 22:57:56', '', 0, 0, 0, 0, 0, 1, '2022-10-22 09:59:34', '', '16508640061130151__602EFAC5CCDDC99BD1DB8E0C6A29949D', '602EFAC5CCDDC99BD1DB8E0C6A29949D', 'DESKTOP-IFJM3BN', '192.168.56.1', '00:71:CC:94:24:E5,68:F7:28:9C:A5:C1', 'STS');
INSERT INTO "main"."_taskexecrecord_old_20221112" VALUES (0, 503870324626952192, 496427485466988544, 0, '2022-10-22 10:00:47', '2022-10-22 10:01:56', 16508640061130151, 16508640061130151, 0, 503864221755248640, '任务3', 0, 2, 4, 102, '', '', '2022-10-22 10:00:47', '2022-10-24 22:57:58', '2022-10-24 22:58:08', '', 0, 0, 0, 0, 0, 1, '2022-10-22 10:01:56', '', '16508640061130151__602EFAC5CCDDC99BD1DB8E0C6A29949D', '602EFAC5CCDDC99BD1DB8E0C6A29949D', 'DESKTOP-IFJM3BN', '192.168.56.1', '00:71:CC:94:24:E5,68:F7:28:9C:A5:C1', 'STS');
INSERT INTO "main"."_taskexecrecord_old_20221112" VALUES (0, 503870437214654464, 496427485466988544, 0, '2022-10-22 10:01:14', '2022-10-22 10:01:56', 16508640061130151, 16508640061130151, 0, 503864221755248640, '任务3', 0, 2, 4, 102, '', '', '2022-10-22 10:01:14', '2022-10-24 22:58:10', '2022-10-24 22:58:11', '', 0, 0, 0, 0, 0, 1, '2022-10-22 10:01:56', '', '16508640061130151__602EFAC5CCDDC99BD1DB8E0C6A29949D', '602EFAC5CCDDC99BD1DB8E0C6A29949D', 'DESKTOP-IFJM3BN', '192.168.56.1', '00:71:CC:94:24:E5,68:F7:28:9C:A5:C1', 'STS');
INSERT INTO "main"."_taskexecrecord_old_20221112" VALUES (0, 503870519095857152, 496427485466988544, 0, '2022-10-22 10:01:33', '2022-10-22 10:02:04', 16508640061130151, 16508640061130151, 0, 503864221755248640, '任务3', 0, 2, 4, 102, '', '', '2022-10-22 10:01:33', '2022-10-24 22:58:13', '2022-10-24 22:58:14', '', 0, 0, 0, 0, 0, 1, '2022-10-22 10:02:04', '', '16508640061130151__602EFAC5CCDDC99BD1DB8E0C6A29949D', '602EFAC5CCDDC99BD1DB8E0C6A29949D', 'DESKTOP-IFJM3BN', '192.168.56.1', '00:71:CC:94:24:E5,68:F7:28:9C:A5:C1', 'STS');
INSERT INTO "main"."_taskexecrecord_old_20221112" VALUES (0, 503870597013442560, 496427485466988544, 0, '2022-10-22 10:01:52', '2022-10-22 10:02:04', 16508640061130151, 16508640061130151, 0, 503864221755248640, '任务3', 0, 2, 4, 102, '', '', '2022-10-22 10:01:52', '2022-10-24 22:58:16', '2022-10-24 22:58:17', '', 0, 0, 0, 0, 0, 1, '2022-10-22 10:02:04', '', '16508640061130151__602EFAC5CCDDC99BD1DB8E0C6A29949D', '602EFAC5CCDDC99BD1DB8E0C6A29949D', 'DESKTOP-IFJM3BN', '192.168.56.1', '00:71:CC:94:24:E5,68:F7:28:9C:A5:C1', 'STS');
INSERT INTO "main"."_taskexecrecord_old_20221112" VALUES (0, 503870726474829824, 496427485466988544, 0, '2022-10-22 10:02:23', '2022-10-22 10:02:23', 16508640061130151, 16508640061130151, 0, 503864221755248640, '任务3', 0, 2, 4, 102, '', '', '2022-10-22 10:02:23', '2022-10-24 22:58:19', '2022-10-24 22:58:20', '', 0, 0, 0, 0, 0, 1, '2022-10-22 10:02:23', '', '16508640061130151__602EFAC5CCDDC99BD1DB8E0C6A29949D', '602EFAC5CCDDC99BD1DB8E0C6A29949D', 'DESKTOP-IFJM3BN', '192.168.56.1', '00:71:CC:94:24:E5,68:F7:28:9C:A5:C1', 'STS');
INSERT INTO "main"."_taskexecrecord_old_20221112" VALUES (0, 503870892707680256, 496427485466988544, 0, '2022-10-22 10:03:02', '2022-10-22 10:03:03', 16508640061130151, 16508640061130151, 0, 503864221755248640, '任务3', 0, 2, 4, 102, '', '', '2022-10-22 10:03:02', '2022-10-24 22:58:22', '2022-10-24 22:58:23', '', 0, 0, 0, 0, 0, 1, '2022-10-22 10:03:03', '', '16508640061130151__602EFAC5CCDDC99BD1DB8E0C6A29949D', '602EFAC5CCDDC99BD1DB8E0C6A29949D', 'DESKTOP-IFJM3BN', '192.168.56.1', '00:71:CC:94:24:E5,68:F7:28:9C:A5:C1', 'STS');
INSERT INTO "main"."_taskexecrecord_old_20221112" VALUES (0, 503872988458782720, 496427485466988544, 0, '2022-10-22 10:11:22', '2022-10-22 10:11:22', 16508640061130151, 16508640061130151, 0, 503864221755248640, '任务3', 0, 2, 4, 102, '', '', '2022-10-22 10:11:22', '2022-10-24 22:58:25', '2022-10-24 22:58:26', '', 0, 0, 0, 0, 0, 1, '2022-10-22 10:11:22', '', '16508640061130151__602EFAC5CCDDC99BD1DB8E0C6A29949D', '602EFAC5CCDDC99BD1DB8E0C6A29949D', 'DESKTOP-IFJM3BN', '192.168.56.1', '00:71:CC:94:24:E5,68:F7:28:9C:A5:C1', 'STS');
INSERT INTO "main"."_taskexecrecord_old_20221112" VALUES (0, 503878294127513600, 496427485466988544, 0, '2022-10-22 10:32:27', '2022-10-22 10:32:29', 16508640061130151, 16508640061130151, 0, 503864221755248640, '任务3', 0, 2, 4, 102, '', '', '2022-10-22 10:32:27', '2022-10-24 22:58:27', '2022-10-24 22:58:29', '', 0, 0, 0, 0, 0, 1, '2022-10-22 10:32:29', '', '16508640061130151__602EFAC5CCDDC99BD1DB8E0C6A29949D', '602EFAC5CCDDC99BD1DB8E0C6A29949D', 'DESKTOP-IFJM3BN', '192.168.56.1', '00:71:CC:94:24:E5,68:F7:28:9C:A5:C1', 'STS');
INSERT INTO "main"."_taskexecrecord_old_20221112" VALUES (0, 503878501061890048, 496427485466988544, 0, '2022-10-22 10:33:16', '2022-10-22 10:33:18', 16508640061130151, 16508640061130151, 0, 503864221755248640, '任务3', 0, 2, 4, 102, '', '', '2022-10-22 10:33:16', '2022-10-24 22:58:30', '2022-10-24 22:58:31', '', 0, 0, 0, 0, 0, 1, '2022-10-22 10:33:18', '', '16508640061130151__602EFAC5CCDDC99BD1DB8E0C6A29949D', '602EFAC5CCDDC99BD1DB8E0C6A29949D', 'DESKTOP-IFJM3BN', '192.168.56.1', '00:71:CC:94:24:E5,68:F7:28:9C:A5:C1', 'STS');
INSERT INTO "main"."_taskexecrecord_old_20221112" VALUES (0, 503878629097213952, 496427485466988544, 0, '2022-10-22 10:33:47', '2022-10-22 10:33:47', 16508640061130151, 16508640061130151, 0, 503864221755248640, '任务3', 0, 2, 4, 102, '', '', '2022-10-22 10:33:47', '2022-10-24 22:58:33', '2022-10-24 22:58:34', '', 0, 0, 0, 0, 0, 1, '2022-10-22 10:33:47', '', '16508640061130151__602EFAC5CCDDC99BD1DB8E0C6A29949D', '602EFAC5CCDDC99BD1DB8E0C6A29949D', 'DESKTOP-IFJM3BN', '192.168.56.1', '00:71:CC:94:24:E5,68:F7:28:9C:A5:C1', 'STS');
INSERT INTO "main"."_taskexecrecord_old_20221112" VALUES (0, 503878929254191104, 496427485466988544, 0, '2022-10-22 10:34:58', '2022-10-22 10:35:01', 16508640061130151, 16508640061130151, 0, 503864221755248640, '任务3', 0, 2, 4, 102, '', '', '2022-10-22 10:34:58', '2022-10-24 22:58:35', '2022-10-24 22:58:37', '', 0, 0, 0, 0, 0, 1, '2022-10-22 10:35:01', '', '16508640061130151__602EFAC5CCDDC99BD1DB8E0C6A29949D', '602EFAC5CCDDC99BD1DB8E0C6A29949D', 'DESKTOP-IFJM3BN', '192.168.56.1', '00:71:CC:94:24:E5,68:F7:28:9C:A5:C1', 'STS');
INSERT INTO "main"."_taskexecrecord_old_20221112" VALUES (0, 503879044765323264, 496427485466988544, 0, '2022-10-22 10:35:26', '2022-10-22 10:35:26', 16508640061130151, 16508640061130151, 0, 503864221755248640, '任务3', 0, 2, 4, 102, '', '', '2022-10-22 10:35:26', '2022-10-24 22:58:38', '2022-10-24 22:58:39', '', 0, 0, 0, 0, 0, 1, '2022-10-22 10:35:26', '', '16508640061130151__602EFAC5CCDDC99BD1DB8E0C6A29949D', '602EFAC5CCDDC99BD1DB8E0C6A29949D', 'DESKTOP-IFJM3BN', '192.168.56.1', '00:71:CC:94:24:E5,68:F7:28:9C:A5:C1', 'STS');
INSERT INTO "main"."_taskexecrecord_old_20221112" VALUES (0, 503881003715006464, 496427485466988544, 0, '2022-10-22 10:43:13', '2022-10-22 10:43:18', 16508640061130151, 16508640061130151, 0, 503864221755248640, '任务3', 0, 2, 4, 102, '', '', '2022-10-22 10:43:13', '2022-10-24 22:58:40', '2022-10-24 22:58:56', '', 0, 0, 0, 0, 0, 1, '2022-10-22 10:43:18', '', '16508640061130151__602EFAC5CCDDC99BD1DB8E0C6A29949D', '602EFAC5CCDDC99BD1DB8E0C6A29949D', 'DESKTOP-IFJM3BN', '192.168.56.1', '00:71:CC:94:24:E5,68:F7:28:9C:A5:C1', 'STS');
INSERT INTO "main"."_taskexecrecord_old_20221112" VALUES (0, 503881449364000768, 496427485466988544, 0, '2022-10-22 10:44:59', '2022-10-22 10:44:59', 16508640061130151, 16508640061130151, 0, 503864221755248640, '任务3', 0, 2, 4, 102, '', '', '2022-10-22 10:44:59', '2022-10-24 22:59:19', '2022-10-24 22:59:21', '', 0, 0, 0, 0, 0, 1, '2022-10-22 10:44:59', '', '16508640061130151__602EFAC5CCDDC99BD1DB8E0C6A29949D', '602EFAC5CCDDC99BD1DB8E0C6A29949D', 'DESKTOP-IFJM3BN', '192.168.56.1', '00:71:CC:94:24:E5,68:F7:28:9C:A5:C1', 'STS');
INSERT INTO "main"."_taskexecrecord_old_20221112" VALUES (0, 503881714880221184, 496427485466988544, 0, '2022-10-22 10:46:02', '2022-10-22 10:46:04', 16508640061130151, 16508640061130151, 0, 503864221755248640, '任务3', 0, 2, 4, 102, '', '', '2022-10-22 10:46:02', '2022-10-24 22:59:24', '2022-10-24 22:59:33', '', 0, 0, 0, 0, 0, 1, '2022-10-22 10:46:04', '', '16508640061130151__602EFAC5CCDDC99BD1DB8E0C6A29949D', '602EFAC5CCDDC99BD1DB8E0C6A29949D', 'DESKTOP-IFJM3BN', '192.168.56.1', '00:71:CC:94:24:E5,68:F7:28:9C:A5:C1', 'STS');
INSERT INTO "main"."_taskexecrecord_old_20221112" VALUES (0, 503882303806640128, 496427485466988544, 0, '2022-10-22 10:48:23', '2022-10-22 10:48:23', 16508640061130151, 16508640061130151, 0, 503864221755248640, '任务3', 0, 2, 4, 102, '', '', '2022-10-22 10:48:23', '2022-10-24 22:59:35', '2022-10-24 22:59:38', '', 0, 0, 0, 0, 0, 1, '2022-10-22 10:48:23', '', '16508640061130151__602EFAC5CCDDC99BD1DB8E0C6A29949D', '602EFAC5CCDDC99BD1DB8E0C6A29949D', 'DESKTOP-IFJM3BN', '192.168.56.1', '00:71:CC:94:24:E5,68:F7:28:9C:A5:C1', 'STS');
INSERT INTO "main"."_taskexecrecord_old_20221112" VALUES (0, 503883376093040640, 496427485466988544, 0, '2022-10-22 10:52:39', '2022-10-22 10:52:38', 16508640061130151, 16508640061130151, 0, 503864221755248640, '任务3', 0, 2, 4, 102, '', '', '2022-10-22 10:52:39', '2022-10-24 22:59:40', '2022-10-24 22:59:41', '', 0, 0, 0, 0, 0, 1, '2022-10-22 10:52:38', '', '16508640061130151__602EFAC5CCDDC99BD1DB8E0C6A29949D', '602EFAC5CCDDC99BD1DB8E0C6A29949D', 'DESKTOP-IFJM3BN', '192.168.56.1', '00:71:CC:94:24:E5,68:F7:28:9C:A5:C1', 'STS');
INSERT INTO "main"."_taskexecrecord_old_20221112" VALUES (0, 503885290285305856, 496427485466988544, 0, '2022-10-22 11:00:15', '2022-10-22 11:00:17', 16508640061130151, 16508640061130151, 0, 503864221755248640, '任务3', 0, 2, 4, 102, '', '', '2022-10-22 11:00:15', '2022-10-24 22:59:42', '2022-10-24 22:59:56', '', 0, 0, 0, 0, 0, 1, '2022-10-22 11:00:17', '', '16508640061130151__602EFAC5CCDDC99BD1DB8E0C6A29949D', '602EFAC5CCDDC99BD1DB8E0C6A29949D', 'DESKTOP-IFJM3BN', '192.168.56.1', '00:71:CC:94:24:E5,68:F7:28:9C:A5:C1', 'STS');
INSERT INTO "main"."_taskexecrecord_old_20221112" VALUES (0, 503885389770002432, 496427485466988544, 0, '2022-10-22 11:00:39', '2022-10-22 11:00:41', 16508640061130151, 16508640061130151, 0, 503864221755248640, '任务3', 0, 2, 4, 102, '', '', '2022-10-22 11:00:39', '2022-10-24 22:59:58', '2022-10-24 23:00:11', '', 0, 0, 0, 0, 0, 1, '2022-10-22 11:00:41', '', '16508640061130151__602EFAC5CCDDC99BD1DB8E0C6A29949D', '602EFAC5CCDDC99BD1DB8E0C6A29949D', 'DESKTOP-IFJM3BN', '192.168.56.1', '00:71:CC:94:24:E5,68:F7:28:9C:A5:C1', 'STS');
INSERT INTO "main"."_taskexecrecord_old_20221112" VALUES (0, 503886676473417728, 496427485466988544, 0, '2022-10-22 11:05:45', '2022-10-22 11:05:47', 16508640061130151, 16508640061130151, 0, 503864221755248640, '任务3', 0, 2, 4, 102, '', '', '2022-10-22 11:05:45', '2022-10-24 23:00:12', '2022-10-24 23:00:23', '', 0, 0, 0, 0, 0, 1, '2022-10-22 11:05:47', '', '16508640061130151__602EFAC5CCDDC99BD1DB8E0C6A29949D', '602EFAC5CCDDC99BD1DB8E0C6A29949D', 'DESKTOP-IFJM3BN', '192.168.56.1', '00:71:CC:94:24:E5,68:F7:28:9C:A5:C1', 'STS');
INSERT INTO "main"."_taskexecrecord_old_20221112" VALUES (0, 503908167785123840, 496427485466988544, 0, '2022-10-22 12:31:09', '2022-10-22 12:31:12', 16508640061130151, 16508640061130151, 0, 503864221755248640, '任务3', 0, 2, 4, 102, '', '', '2022-10-22 12:31:09', '2022-10-24 23:00:24', '2022-10-24 23:00:44', '', 0, 0, 0, 0, 0, 1, '2022-10-22 12:31:12', '', '16508640061130151__602EFAC5CCDDC99BD1DB8E0C6A29949D', '602EFAC5CCDDC99BD1DB8E0C6A29949D', 'DESKTOP-IFJM3BN', '192.168.56.1', '00:71:CC:94:24:E5,68:F7:28:9C:A5:C1', 'STS');
INSERT INTO "main"."_taskexecrecord_old_20221112" VALUES (0, 503908469108117504, 496427485466988544, 0, '2022-10-22 12:32:21', '2022-10-22 12:32:22', 16508640061130151, 16508640061130151, 0, 503864221755248640, '任务3', 0, 2, 4, 102, '', '', '2022-10-22 12:32:21', '2022-10-24 23:00:46', '2022-10-24 23:00:51', '', 0, 0, 0, 0, 0, 1, '2022-10-22 12:32:22', '', '16508640061130151__602EFAC5CCDDC99BD1DB8E0C6A29949D', '602EFAC5CCDDC99BD1DB8E0C6A29949D', 'DESKTOP-IFJM3BN', '192.168.56.1', '00:71:CC:94:24:E5,68:F7:28:9C:A5:C1', 'STS');
INSERT INTO "main"."_taskexecrecord_old_20221112" VALUES (0, 503909932500783104, 496427485466988544, 0, '2022-10-22 12:38:10', '2022-10-22 12:38:21', 16508640061130151, 16508640061130151, 0, 503864221755248640, '任务3', 0, 2, 4, 102, '', '', '2022-10-22 12:38:10', '2022-10-24 23:00:52', '2022-10-24 23:01:01', '', 0, 0, 0, 0, 0, 1, '2022-10-22 12:38:21', '', '16508640061130151__602EFAC5CCDDC99BD1DB8E0C6A29949D', '602EFAC5CCDDC99BD1DB8E0C6A29949D', 'DESKTOP-IFJM3BN', '192.168.56.1', '00:71:CC:94:24:E5,68:F7:28:9C:A5:C1', 'STS');
INSERT INTO "main"."_taskexecrecord_old_20221112" VALUES (0, 503922828702126080, 496427485466988544, 0, '2022-10-22 13:29:25', '2022-10-22 13:29:26', 16508640061130151, 16508640061130151, 0, 503864221755248640, '任务3', 0, 2, 4, 102, '用例:test,Url地址为空; ', '', '2022-10-22 13:29:25', '2022-10-25 23:00:17', '2022-10-25 23:00:51', '', 0, 0, 0, 0, 0, 1, '2022-10-22 13:29:26', '', '16508640061130151__602EFAC5CCDDC99BD1DB8E0C6A29949D', '602EFAC5CCDDC99BD1DB8E0C6A29949D', 'DESKTOP-IFJM3BN', '192.168.56.1', '00:71:CC:94:24:E5,68:F7:28:9C:A5:C1', 'STS');

-- ----------------------------
-- Table structure for _taskexecrecord_old_20221112_1
-- ----------------------------
DROP TABLE IF EXISTS "main"."_taskexecrecord_old_20221112_1";
CREATE TABLE "_taskexecrecord_old_20221112_1" (
"TenantId"  INTEGER,
"Id"  INTEGER,
"EnvId"  INTEGER,
"BaseIsDelete"  INTEGER,
"BaseCreateTime"  TEXT,
"BaseModifyTime"  TEXT,
"BaseCreatorId"  INTEGER,
"BaseModifierId"  INTEGER,
"BaseVersion"  INTEGER,
"TaskId"  INTEGER,
"Name"  TEXT,
"IsTemp"  INTEGER,
"SourceType"  INTEGER,
"ExecStatus"  INTEGER,
"FinishStatus"  INTEGER,
"Reason"  TEXT,
"CronExpression"  TEXT,
"NextStartTime"  TEXT,
"StartTime"  TEXT,
"EndTime"  TEXT,
"Remark"  TEXT,
"StopWhenError"  INTEGER,
"IsParallelMode"  INTEGER,
"IsEnable"  INTEGER,
"DeviceDeployMode"  INTEGER,
"MultipleInstances"  INTEGER,
"IsConsumed"  INTEGER,
"ConsumedTime"  TEXT,
"AppVersion"  TEXT,
"DeviceToken"  TEXT,
"DeviceGuid"  TEXT,
"DeviceName"  TEXT,
"DeviceIP"  TEXT,
"DeviceMAC"  TEXT,
"DeviceLoginName"  TEXT
);

-- ----------------------------
-- Records of _taskexecrecord_old_20221112_1
-- ----------------------------
INSERT INTO "main"."_taskexecrecord_old_20221112_1" VALUES (0, 503869718134788096, 496427485466988544, 0, '2022-10-22 09:58:22', '2022-10-22 09:58:22', 16508640061130151, 16508640061130151, 0, 503864221755248640, '任务3', 0, 2, 4, 102, '', '', '2022-10-22 09:58:22', '2022-10-24 22:56:56', '2022-10-24 22:57:07', '', 0, 0, 0, 0, 0, 1, '2022-10-22 09:58:22', '', '16508640061130151__602EFAC5CCDDC99BD1DB8E0C6A29949D', '602EFAC5CCDDC99BD1DB8E0C6A29949D', 'DESKTOP-IFJM3BN', '192.168.56.1', '00:71:CC:94:24:E5,68:F7:28:9C:A5:C1', 'STS');
INSERT INTO "main"."_taskexecrecord_old_20221112_1" VALUES (0, 503869898494054400, 496427485466988544, 0, '2022-10-22 09:59:05', '2022-10-22 09:59:06', 16508640061130151, 16508640061130151, 0, 503864221755248640, '任务3', 0, 2, 4, 102, '', '', '2022-10-22 09:59:05', '2022-10-24 22:57:09', '2022-10-24 22:57:11', '', 0, 0, 0, 0, 0, 1, '2022-10-22 09:59:06', '', '16508640061130151__602EFAC5CCDDC99BD1DB8E0C6A29949D', '602EFAC5CCDDC99BD1DB8E0C6A29949D', 'DESKTOP-IFJM3BN', '192.168.56.1', '00:71:CC:94:24:E5,68:F7:28:9C:A5:C1', 'STS');
INSERT INTO "main"."_taskexecrecord_old_20221112_1" VALUES (0, 503870019839463424, 496427485466988544, 0, '2022-10-22 09:59:34', '2022-10-22 09:59:34', 16508640061130151, 16508640061130151, 0, 503864221755248640, '任务3', 0, 2, 4, 102, '', '', '2022-10-22 09:59:34', '2022-10-24 22:57:13', '2022-10-24 22:57:56', '', 0, 0, 0, 0, 0, 1, '2022-10-22 09:59:34', '', '16508640061130151__602EFAC5CCDDC99BD1DB8E0C6A29949D', '602EFAC5CCDDC99BD1DB8E0C6A29949D', 'DESKTOP-IFJM3BN', '192.168.56.1', '00:71:CC:94:24:E5,68:F7:28:9C:A5:C1', 'STS');
INSERT INTO "main"."_taskexecrecord_old_20221112_1" VALUES (0, 503870324626952192, 496427485466988544, 0, '2022-10-22 10:00:47', '2022-10-22 10:01:56', 16508640061130151, 16508640061130151, 0, 503864221755248640, '任务3', 0, 2, 4, 102, '', '', '2022-10-22 10:00:47', '2022-10-24 22:57:58', '2022-10-24 22:58:08', '', 0, 0, 0, 0, 0, 1, '2022-10-22 10:01:56', '', '16508640061130151__602EFAC5CCDDC99BD1DB8E0C6A29949D', '602EFAC5CCDDC99BD1DB8E0C6A29949D', 'DESKTOP-IFJM3BN', '192.168.56.1', '00:71:CC:94:24:E5,68:F7:28:9C:A5:C1', 'STS');
INSERT INTO "main"."_taskexecrecord_old_20221112_1" VALUES (0, 503870437214654464, 496427485466988544, 0, '2022-10-22 10:01:14', '2022-10-22 10:01:56', 16508640061130151, 16508640061130151, 0, 503864221755248640, '任务3', 0, 2, 4, 102, '', '', '2022-10-22 10:01:14', '2022-10-24 22:58:10', '2022-10-24 22:58:11', '', 0, 0, 0, 0, 0, 1, '2022-10-22 10:01:56', '', '16508640061130151__602EFAC5CCDDC99BD1DB8E0C6A29949D', '602EFAC5CCDDC99BD1DB8E0C6A29949D', 'DESKTOP-IFJM3BN', '192.168.56.1', '00:71:CC:94:24:E5,68:F7:28:9C:A5:C1', 'STS');
INSERT INTO "main"."_taskexecrecord_old_20221112_1" VALUES (0, 503870519095857152, 496427485466988544, 0, '2022-10-22 10:01:33', '2022-10-22 10:02:04', 16508640061130151, 16508640061130151, 0, 503864221755248640, '任务3', 0, 2, 4, 102, '', '', '2022-10-22 10:01:33', '2022-10-24 22:58:13', '2022-10-24 22:58:14', '', 0, 0, 0, 0, 0, 1, '2022-10-22 10:02:04', '', '16508640061130151__602EFAC5CCDDC99BD1DB8E0C6A29949D', '602EFAC5CCDDC99BD1DB8E0C6A29949D', 'DESKTOP-IFJM3BN', '192.168.56.1', '00:71:CC:94:24:E5,68:F7:28:9C:A5:C1', 'STS');
INSERT INTO "main"."_taskexecrecord_old_20221112_1" VALUES (0, 503870597013442560, 496427485466988544, 0, '2022-10-22 10:01:52', '2022-10-22 10:02:04', 16508640061130151, 16508640061130151, 0, 503864221755248640, '任务3', 0, 2, 4, 102, '', '', '2022-10-22 10:01:52', '2022-10-24 22:58:16', '2022-10-24 22:58:17', '', 0, 0, 0, 0, 0, 1, '2022-10-22 10:02:04', '', '16508640061130151__602EFAC5CCDDC99BD1DB8E0C6A29949D', '602EFAC5CCDDC99BD1DB8E0C6A29949D', 'DESKTOP-IFJM3BN', '192.168.56.1', '00:71:CC:94:24:E5,68:F7:28:9C:A5:C1', 'STS');
INSERT INTO "main"."_taskexecrecord_old_20221112_1" VALUES (0, 503870726474829824, 496427485466988544, 0, '2022-10-22 10:02:23', '2022-10-22 10:02:23', 16508640061130151, 16508640061130151, 0, 503864221755248640, '任务3', 0, 2, 4, 102, '', '', '2022-10-22 10:02:23', '2022-10-24 22:58:19', '2022-10-24 22:58:20', '', 0, 0, 0, 0, 0, 1, '2022-10-22 10:02:23', '', '16508640061130151__602EFAC5CCDDC99BD1DB8E0C6A29949D', '602EFAC5CCDDC99BD1DB8E0C6A29949D', 'DESKTOP-IFJM3BN', '192.168.56.1', '00:71:CC:94:24:E5,68:F7:28:9C:A5:C1', 'STS');
INSERT INTO "main"."_taskexecrecord_old_20221112_1" VALUES (0, 503870892707680256, 496427485466988544, 0, '2022-10-22 10:03:02', '2022-10-22 10:03:03', 16508640061130151, 16508640061130151, 0, 503864221755248640, '任务3', 0, 2, 4, 102, '', '', '2022-10-22 10:03:02', '2022-10-24 22:58:22', '2022-10-24 22:58:23', '', 0, 0, 0, 0, 0, 1, '2022-10-22 10:03:03', '', '16508640061130151__602EFAC5CCDDC99BD1DB8E0C6A29949D', '602EFAC5CCDDC99BD1DB8E0C6A29949D', 'DESKTOP-IFJM3BN', '192.168.56.1', '00:71:CC:94:24:E5,68:F7:28:9C:A5:C1', 'STS');
INSERT INTO "main"."_taskexecrecord_old_20221112_1" VALUES (0, 503872988458782720, 496427485466988544, 0, '2022-10-22 10:11:22', '2022-10-22 10:11:22', 16508640061130151, 16508640061130151, 0, 503864221755248640, '任务3', 0, 2, 4, 102, '', '', '2022-10-22 10:11:22', '2022-10-24 22:58:25', '2022-10-24 22:58:26', '', 0, 0, 0, 0, 0, 1, '2022-10-22 10:11:22', '', '16508640061130151__602EFAC5CCDDC99BD1DB8E0C6A29949D', '602EFAC5CCDDC99BD1DB8E0C6A29949D', 'DESKTOP-IFJM3BN', '192.168.56.1', '00:71:CC:94:24:E5,68:F7:28:9C:A5:C1', 'STS');
INSERT INTO "main"."_taskexecrecord_old_20221112_1" VALUES (0, 503878294127513600, 496427485466988544, 0, '2022-10-22 10:32:27', '2022-10-22 10:32:29', 16508640061130151, 16508640061130151, 0, 503864221755248640, '任务3', 0, 2, 4, 102, '', '', '2022-10-22 10:32:27', '2022-10-24 22:58:27', '2022-10-24 22:58:29', '', 0, 0, 0, 0, 0, 1, '2022-10-22 10:32:29', '', '16508640061130151__602EFAC5CCDDC99BD1DB8E0C6A29949D', '602EFAC5CCDDC99BD1DB8E0C6A29949D', 'DESKTOP-IFJM3BN', '192.168.56.1', '00:71:CC:94:24:E5,68:F7:28:9C:A5:C1', 'STS');
INSERT INTO "main"."_taskexecrecord_old_20221112_1" VALUES (0, 503878501061890048, 496427485466988544, 0, '2022-10-22 10:33:16', '2022-10-22 10:33:18', 16508640061130151, 16508640061130151, 0, 503864221755248640, '任务3', 0, 2, 4, 102, '', '', '2022-10-22 10:33:16', '2022-10-24 22:58:30', '2022-10-24 22:58:31', '', 0, 0, 0, 0, 0, 1, '2022-10-22 10:33:18', '', '16508640061130151__602EFAC5CCDDC99BD1DB8E0C6A29949D', '602EFAC5CCDDC99BD1DB8E0C6A29949D', 'DESKTOP-IFJM3BN', '192.168.56.1', '00:71:CC:94:24:E5,68:F7:28:9C:A5:C1', 'STS');
INSERT INTO "main"."_taskexecrecord_old_20221112_1" VALUES (0, 503878629097213952, 496427485466988544, 0, '2022-10-22 10:33:47', '2022-10-22 10:33:47', 16508640061130151, 16508640061130151, 0, 503864221755248640, '任务3', 0, 2, 4, 102, '', '', '2022-10-22 10:33:47', '2022-10-24 22:58:33', '2022-10-24 22:58:34', '', 0, 0, 0, 0, 0, 1, '2022-10-22 10:33:47', '', '16508640061130151__602EFAC5CCDDC99BD1DB8E0C6A29949D', '602EFAC5CCDDC99BD1DB8E0C6A29949D', 'DESKTOP-IFJM3BN', '192.168.56.1', '00:71:CC:94:24:E5,68:F7:28:9C:A5:C1', 'STS');
INSERT INTO "main"."_taskexecrecord_old_20221112_1" VALUES (0, 503878929254191104, 496427485466988544, 0, '2022-10-22 10:34:58', '2022-10-22 10:35:01', 16508640061130151, 16508640061130151, 0, 503864221755248640, '任务3', 0, 2, 4, 102, '', '', '2022-10-22 10:34:58', '2022-10-24 22:58:35', '2022-10-24 22:58:37', '', 0, 0, 0, 0, 0, 1, '2022-10-22 10:35:01', '', '16508640061130151__602EFAC5CCDDC99BD1DB8E0C6A29949D', '602EFAC5CCDDC99BD1DB8E0C6A29949D', 'DESKTOP-IFJM3BN', '192.168.56.1', '00:71:CC:94:24:E5,68:F7:28:9C:A5:C1', 'STS');
INSERT INTO "main"."_taskexecrecord_old_20221112_1" VALUES (0, 503879044765323264, 496427485466988544, 0, '2022-10-22 10:35:26', '2022-10-22 10:35:26', 16508640061130151, 16508640061130151, 0, 503864221755248640, '任务3', 0, 2, 4, 102, '', '', '2022-10-22 10:35:26', '2022-10-24 22:58:38', '2022-10-24 22:58:39', '', 0, 0, 0, 0, 0, 1, '2022-10-22 10:35:26', '', '16508640061130151__602EFAC5CCDDC99BD1DB8E0C6A29949D', '602EFAC5CCDDC99BD1DB8E0C6A29949D', 'DESKTOP-IFJM3BN', '192.168.56.1', '00:71:CC:94:24:E5,68:F7:28:9C:A5:C1', 'STS');
INSERT INTO "main"."_taskexecrecord_old_20221112_1" VALUES (0, 503881003715006464, 496427485466988544, 0, '2022-10-22 10:43:13', '2022-10-22 10:43:18', 16508640061130151, 16508640061130151, 0, 503864221755248640, '任务3', 0, 2, 4, 102, '', '', '2022-10-22 10:43:13', '2022-10-24 22:58:40', '2022-10-24 22:58:56', '', 0, 0, 0, 0, 0, 1, '2022-10-22 10:43:18', '', '16508640061130151__602EFAC5CCDDC99BD1DB8E0C6A29949D', '602EFAC5CCDDC99BD1DB8E0C6A29949D', 'DESKTOP-IFJM3BN', '192.168.56.1', '00:71:CC:94:24:E5,68:F7:28:9C:A5:C1', 'STS');
INSERT INTO "main"."_taskexecrecord_old_20221112_1" VALUES (0, 503881449364000768, 496427485466988544, 0, '2022-10-22 10:44:59', '2022-10-22 10:44:59', 16508640061130151, 16508640061130151, 0, 503864221755248640, '任务3', 0, 2, 4, 102, '', '', '2022-10-22 10:44:59', '2022-10-24 22:59:19', '2022-10-24 22:59:21', '', 0, 0, 0, 0, 0, 1, '2022-10-22 10:44:59', '', '16508640061130151__602EFAC5CCDDC99BD1DB8E0C6A29949D', '602EFAC5CCDDC99BD1DB8E0C6A29949D', 'DESKTOP-IFJM3BN', '192.168.56.1', '00:71:CC:94:24:E5,68:F7:28:9C:A5:C1', 'STS');
INSERT INTO "main"."_taskexecrecord_old_20221112_1" VALUES (0, 503881714880221184, 496427485466988544, 0, '2022-10-22 10:46:02', '2022-10-22 10:46:04', 16508640061130151, 16508640061130151, 0, 503864221755248640, '任务3', 0, 2, 4, 102, '', '', '2022-10-22 10:46:02', '2022-10-24 22:59:24', '2022-10-24 22:59:33', '', 0, 0, 0, 0, 0, 1, '2022-10-22 10:46:04', '', '16508640061130151__602EFAC5CCDDC99BD1DB8E0C6A29949D', '602EFAC5CCDDC99BD1DB8E0C6A29949D', 'DESKTOP-IFJM3BN', '192.168.56.1', '00:71:CC:94:24:E5,68:F7:28:9C:A5:C1', 'STS');
INSERT INTO "main"."_taskexecrecord_old_20221112_1" VALUES (0, 503882303806640128, 496427485466988544, 0, '2022-10-22 10:48:23', '2022-10-22 10:48:23', 16508640061130151, 16508640061130151, 0, 503864221755248640, '任务3', 0, 2, 4, 102, '', '', '2022-10-22 10:48:23', '2022-10-24 22:59:35', '2022-10-24 22:59:38', '', 0, 0, 0, 0, 0, 1, '2022-10-22 10:48:23', '', '16508640061130151__602EFAC5CCDDC99BD1DB8E0C6A29949D', '602EFAC5CCDDC99BD1DB8E0C6A29949D', 'DESKTOP-IFJM3BN', '192.168.56.1', '00:71:CC:94:24:E5,68:F7:28:9C:A5:C1', 'STS');
INSERT INTO "main"."_taskexecrecord_old_20221112_1" VALUES (0, 503883376093040640, 496427485466988544, 0, '2022-10-22 10:52:39', '2022-10-22 10:52:38', 16508640061130151, 16508640061130151, 0, 503864221755248640, '任务3', 0, 2, 4, 102, '', '', '2022-10-22 10:52:39', '2022-10-24 22:59:40', '2022-10-24 22:59:41', '', 0, 0, 0, 0, 0, 1, '2022-10-22 10:52:38', '', '16508640061130151__602EFAC5CCDDC99BD1DB8E0C6A29949D', '602EFAC5CCDDC99BD1DB8E0C6A29949D', 'DESKTOP-IFJM3BN', '192.168.56.1', '00:71:CC:94:24:E5,68:F7:28:9C:A5:C1', 'STS');
INSERT INTO "main"."_taskexecrecord_old_20221112_1" VALUES (0, 503885290285305856, 496427485466988544, 0, '2022-10-22 11:00:15', '2022-10-22 11:00:17', 16508640061130151, 16508640061130151, 0, 503864221755248640, '任务3', 0, 2, 4, 102, '', '', '2022-10-22 11:00:15', '2022-10-24 22:59:42', '2022-10-24 22:59:56', '', 0, 0, 0, 0, 0, 1, '2022-10-22 11:00:17', '', '16508640061130151__602EFAC5CCDDC99BD1DB8E0C6A29949D', '602EFAC5CCDDC99BD1DB8E0C6A29949D', 'DESKTOP-IFJM3BN', '192.168.56.1', '00:71:CC:94:24:E5,68:F7:28:9C:A5:C1', 'STS');
INSERT INTO "main"."_taskexecrecord_old_20221112_1" VALUES (0, 503885389770002432, 496427485466988544, 0, '2022-10-22 11:00:39', '2022-10-22 11:00:41', 16508640061130151, 16508640061130151, 0, 503864221755248640, '任务3', 0, 2, 4, 102, '', '', '2022-10-22 11:00:39', '2022-10-24 22:59:58', '2022-10-24 23:00:11', '', 0, 0, 0, 0, 0, 1, '2022-10-22 11:00:41', '', '16508640061130151__602EFAC5CCDDC99BD1DB8E0C6A29949D', '602EFAC5CCDDC99BD1DB8E0C6A29949D', 'DESKTOP-IFJM3BN', '192.168.56.1', '00:71:CC:94:24:E5,68:F7:28:9C:A5:C1', 'STS');
INSERT INTO "main"."_taskexecrecord_old_20221112_1" VALUES (0, 503886676473417728, 496427485466988544, 0, '2022-10-22 11:05:45', '2022-10-22 11:05:47', 16508640061130151, 16508640061130151, 0, 503864221755248640, '任务3', 0, 2, 4, 102, '', '', '2022-10-22 11:05:45', '2022-10-24 23:00:12', '2022-10-24 23:00:23', '', 0, 0, 0, 0, 0, 1, '2022-10-22 11:05:47', '', '16508640061130151__602EFAC5CCDDC99BD1DB8E0C6A29949D', '602EFAC5CCDDC99BD1DB8E0C6A29949D', 'DESKTOP-IFJM3BN', '192.168.56.1', '00:71:CC:94:24:E5,68:F7:28:9C:A5:C1', 'STS');
INSERT INTO "main"."_taskexecrecord_old_20221112_1" VALUES (0, 503908167785123840, 496427485466988544, 0, '2022-10-22 12:31:09', '2022-10-22 12:31:12', 16508640061130151, 16508640061130151, 0, 503864221755248640, '任务3', 0, 2, 4, 102, '', '', '2022-10-22 12:31:09', '2022-10-24 23:00:24', '2022-10-24 23:00:44', '', 0, 0, 0, 0, 0, 1, '2022-10-22 12:31:12', '', '16508640061130151__602EFAC5CCDDC99BD1DB8E0C6A29949D', '602EFAC5CCDDC99BD1DB8E0C6A29949D', 'DESKTOP-IFJM3BN', '192.168.56.1', '00:71:CC:94:24:E5,68:F7:28:9C:A5:C1', 'STS');
INSERT INTO "main"."_taskexecrecord_old_20221112_1" VALUES (0, 503908469108117504, 496427485466988544, 0, '2022-10-22 12:32:21', '2022-10-22 12:32:22', 16508640061130151, 16508640061130151, 0, 503864221755248640, '任务3', 0, 2, 4, 102, '', '', '2022-10-22 12:32:21', '2022-10-24 23:00:46', '2022-10-24 23:00:51', '', 0, 0, 0, 0, 0, 1, '2022-10-22 12:32:22', '', '16508640061130151__602EFAC5CCDDC99BD1DB8E0C6A29949D', '602EFAC5CCDDC99BD1DB8E0C6A29949D', 'DESKTOP-IFJM3BN', '192.168.56.1', '00:71:CC:94:24:E5,68:F7:28:9C:A5:C1', 'STS');
INSERT INTO "main"."_taskexecrecord_old_20221112_1" VALUES (0, 503909932500783104, 496427485466988544, 0, '2022-10-22 12:38:10', '2022-10-22 12:38:21', 16508640061130151, 16508640061130151, 0, 503864221755248640, '任务3', 0, 2, 4, 102, '', '', '2022-10-22 12:38:10', '2022-10-24 23:00:52', '2022-10-24 23:01:01', '', 0, 0, 0, 0, 0, 1, '2022-10-22 12:38:21', '', '16508640061130151__602EFAC5CCDDC99BD1DB8E0C6A29949D', '602EFAC5CCDDC99BD1DB8E0C6A29949D', 'DESKTOP-IFJM3BN', '192.168.56.1', '00:71:CC:94:24:E5,68:F7:28:9C:A5:C1', 'STS');
INSERT INTO "main"."_taskexecrecord_old_20221112_1" VALUES (0, 503922828702126080, 496427485466988544, 0, '2022-10-22 13:29:25', '2022-10-22 13:29:26', 16508640061130151, 16508640061130151, 0, 503864221755248640, '任务3', 0, 2, 4, 102, '用例:test,Url地址为空; ', '', '2022-10-22 13:29:25', '2022-10-25 23:00:17', '2022-10-25 23:00:51', '', 0, 0, 0, 0, 0, 1, '2022-10-22 13:29:26', '', '16508640061130151__602EFAC5CCDDC99BD1DB8E0C6A29949D', '602EFAC5CCDDC99BD1DB8E0C6A29949D', 'DESKTOP-IFJM3BN', '192.168.56.1', '00:71:CC:94:24:E5,68:F7:28:9C:A5:C1', 'STS');
